n,algoritmo,tempo,co2
100,classico,6.508827209472656e-05,1.5285332762892864e-08
100,heap,0.0002315044403076172,2.2215563578192477e-08
100,networkx,0.0009207725524902344,8.370239942120286e-08
100,classico,4.839897155761719e-05,5.82789531221109e-08
100,heap,0.0002827644348144531,3.452202628375043e-08
100,networkx,9.799003601074219e-05,4.653693502796645e-08
100,classico,3.504753112792969e-05,3.1534699588066756e-08
100,heap,0.00023674964904785156,8.025686226748975e-08
100,networkx,7.772445678710938e-05,1.4256394879486016e-08
100,classico,3.647804260253906e-05,1.3304657894857895e-08
100,heap,0.00021576881408691406,1.9387129972596865e-08
100,networkx,7.62939453125e-05,1.9109872044307456e-08
100,classico,3.6716461181640625e-05,1.1921597094276843e-08
100,heap,0.00023126602172851562,2.9259621098200997e-08
100,networkx,7.343292236328125e-05,1.993420361286437e-08
100,classico,3.600120544433594e-05,2.3460418536236065e-08
100,heap,0.00032711029052734375,3.591505331137142e-08
100,networkx,7.414817810058594e-05,2.2787841632890932e-08
100,classico,3.24249267578125e-05,2.4851550548625614e-08
100,heap,0.00023055076599121094,2.0243043341968223e-08
100,networkx,9.560585021972656e-05,1.4784995690930026e-08
100,classico,3.218650817871094e-05,2.1465365553267543e-08
100,heap,0.00020623207092285156,1.9735339889373927e-08
100,networkx,7.557868957519531e-05,1.689790451645678e-08
100,classico,3.218650817871094e-05,1.5380620171100608e-08
100,heap,0.00021910667419433594,3.171301569127386e-08
100,networkx,7.224082946777344e-05,3.210762492793474e-08
100,classico,3.266334533691406e-05,1.4850683302400015e-08
100,heap,0.00029587745666503906,1.4135846848529951e-08
100,networkx,7.82012939453125e-05,2.2352428010126396e-08
100,classico,3.838539123535156e-05,1.754198347988585e-08
100,heap,0.00021910667419433594,2.3269477474982743e-08
100,networkx,8.487701416015625e-05,2.6930216611787307e-08
100,classico,3.0279159545898438e-05,2.1244001202480674e-08
100,heap,0.00024008750915527344,2.0705261078818103e-08
100,networkx,7.987022399902344e-05,2.5120983956358912e-08
100,classico,3.647804260253906e-05,1.4469144227676226e-08
100,heap,0.00022935867309570312,3.39204896959228e-08
100,networkx,7.677078247070312e-05,1.864621743313973e-08
100,classico,3.266334533691406e-05,1.591810676571963e-08
100,heap,0.00023245811462402344,1.9948290427015568e-08
100,networkx,7.271766662597656e-05,1.3585939607852527e-08
100,classico,3.743171691894531e-05,1.2257963166767128e-08
100,heap,0.0002498626708984375,1.4762262201421339e-08
100,networkx,7.104873657226562e-05,2.1329833609607712e-08
500,classico,0.02045750617980957,2.143150705815866e-07
500,heap,0.00799250602722168,9.419335468753474e-08
500,networkx,0.001901388168334961,3.284670936676602e-08
500,classico,0.015842676162719727,1.6232704521313398e-07
500,heap,0.004358053207397461,7.431977014508772e-08
500,networkx,0.0014767646789550781,4.0294707110399886e-08
500,classico,0.013495206832885742,1.4095853687924344e-07
500,heap,0.004662513732910156,6.538389424794727e-08
500,networkx,0.0015125274658203125,3.825416751970757e-08
500,classico,0.0187833309173584,1.9638878223255607e-07
500,heap,0.004233121871948242,5.343828916764395e-08
500,networkx,0.0010976791381835938,6.332557238517458e-08
500,classico,0.014286518096923828,1.4592917130062027e-07
500,heap,0.0032486915588378906,5.2986670222072786e-08
500,networkx,0.0016016960144042969,2.973360862755315e-08
500,classico,0.01584768295288086,1.620429767394487e-07
500,heap,0.0038824081420898438,5.8742193310467165e-08
500,networkx,0.0014739036560058594,3.2116138220514505e-08
500,classico,0.017174482345581055,1.7536914136070778e-07
500,heap,0.0037822723388671875,5.939312564428009e-08
500,networkx,0.0024576187133789062,4.542548948986632e-08
500,classico,0.014410972595214844,1.513388786686131e-07
500,heap,0.004278898239135742,5.909892633420888e-08
500,networkx,0.00156402587890625,4.107521734671249e-08
500,classico,0.014391899108886719,1.4906483645947769e-07
500,heap,0.006654500961303711,8.759260490168218e-08
500,networkx,0.0014660358428955078,4.4377801752415954e-08
500,classico,0.014737367630004883,1.507588648660104e-07
500,heap,0.004647731781005859,5.9012323965714426e-08
500,networkx,0.001039266586303711,3.733075717458706e-08
500,classico,0.01630568504333496,1.6920313159255456e-07
500,heap,0.005340099334716797,6.502004822571141e-08
500,networkx,0.0022885799407958984,4.329675719910341e-08
500,classico,0.017914295196533203,1.7971134898336918e-07
500,heap,0.005434989929199219,6.881780882070337e-08
500,networkx,0.0011665821075439453,4.002562478020363e-08
500,classico,0.015289545059204102,1.6167477593033867e-07
500,heap,0.007567405700683594,8.783176178487331e-08
500,networkx,0.0015385150909423828,4.387517353251997e-08
500,classico,0.014499664306640625,1.5255736579437366e-07
500,heap,0.00582432746887207,7.091864138551791e-08
500,networkx,0.0014960765838623047,3.511891143091688e-08
500,classico,0.020728111267089844,2.103171829203984e-07
500,heap,0.006479024887084961,4.5930603952404956e-10
500,networkx,0.0014808177947998047,3.139678816941857e-08
500,classico,0.014114618301391602,1.4643017171682993e-07
500,heap,0.004978179931640625,6.334168492073752e-08
500,networkx,0.0023145675659179688,5.2230882616194825e-08
500,classico,0.015543460845947266,1.6188488929815678e-07
500,heap,0.008136272430419922,8.901378682186745e-08
500,networkx,0.0014851093292236328,3.444354196724019e-08
500,classico,0.01587820053100586,1.6423751351868232e-07
500,heap,0.004326581954956055,6.026492760897659e-08
500,networkx,0.0017893314361572266,4.205535100778733e-08
500,classico,0.014856576919555664,1.5401145129721977e-07
500,heap,0.002604246139526367,3.98899951416639e-08
500,networkx,0.0014362335205078125,2.7858352450088863e-08
500,classico,0.028288602828979492,2.804231273624025e-07
500,heap,0.005068063735961914,6.823834951494881e-08
500,networkx,0.0018606185913085938,3.161839474970987e-08
500,classico,0.016438007354736328,1.7169921755681527e-07
500,heap,0.00599980354309082,7.312984385924432e-08
500,networkx,0.0034575462341308594,7.051577000825062e-08
500,classico,0.014058351516723633,1.4674459076637276e-07
500,heap,0.005618095397949219,7.582024559972672e-08
500,networkx,0.001825571060180664,3.898868705995984e-08
500,classico,0.022093534469604492,2.2672992476050573e-07
500,heap,0.007153511047363281,9.038793328917581e-08
500,networkx,0.0014920234680175781,3.032997273470512e-08
500,classico,0.015626907348632812,1.6190433729206132e-07
500,heap,0.005514860153198242,4.2178317189831046e-10
500,networkx,0.0014879703521728516,2.9763086640516118e-08
500,classico,0.016633033752441406,1.6826351369361398e-07
500,heap,0.0043179988861083984,5.7536178132473164e-08
500,networkx,0.001447439193725586,3.520179246779174e-08
500,classico,0.014835357666015625,1.5305709751412488e-07
500,heap,0.004857301712036133,6.141849663790954e-08
500,networkx,0.002404928207397461,4.184266678949591e-08
500,classico,0.017763137817382812,1.7972953675620414e-07
500,heap,0.004881858825683594,7.158854929777377e-08
500,networkx,0.001796722412109375,3.571532996173016e-08
500,classico,0.01597762107849121,1.626889948817636e-07
500,heap,0.0072286128997802734,9.095320407036924e-08
500,networkx,0.0017879009246826172,3.382489760426263e-08
500,classico,0.015842199325561523,1.6174200837162186e-07
500,heap,0.004277229309082031,5.793903434264251e-08
500,networkx,0.002128124237060547,3.730291901029034e-08
500,classico,0.016155004501342773,1.6365020292641026e-07
500,heap,0.006496906280517578,7.696101970852906e-08
500,networkx,0.0015778541564941406,3.9857979289350586e-08
500,classico,0.017086029052734375,1.8715257766839792e-07
500,heap,0.0049817562103271484,7.257001098603404e-08
500,networkx,0.001577138900756836,3.455707781754946e-08
500,classico,0.016999483108520508,1.734387571064635e-07
500,heap,0.004991769790649414,6.150862137966171e-08
500,networkx,0.001214742660522461,2.591329699608118e-08
500,classico,0.016307830810546875,1.6739532599746485e-07
500,heap,0.003964662551879883,5.329996867895438e-08
500,networkx,0.002213716506958008,3.819238101623774e-08
500,classico,0.026779890060424805,2.7205986498410564e-07
500,heap,0.009751558303833008,1.253985759231703e-07
500,networkx,0.00115203857421875,4.060648661084171e-08
500,classico,0.017401456832885742,1.7698863919817938e-07
500,heap,0.004349946975708008,5.767647036426893e-08
500,networkx,0.0024857521057128906,4.66164779300798e-08
500,classico,0.016506433486938477,1.7066549038828496e-07
500,heap,0.004577159881591797,5.849021251022129e-08
500,networkx,0.002394437789916992,5.175887753711192e-08
500,classico,0.027131319046020508,2.813526447600786e-07
500,heap,0.004471302032470703,3.4682290459033023e-10
500,networkx,0.0028030872344970703,4.122271848818979e-08
500,classico,0.01698589324951172,1.7355886751749604e-07
500,heap,0.00679326057434082,9.112277446452043e-08
500,networkx,0.002490997314453125,4.06539396091869e-08
500,classico,0.016057729721069336,1.644913514157048e-07
500,heap,0.005445003509521484,7.289778837578527e-08
500,networkx,0.0015473365783691406,2.6205726198094254e-08
500,classico,0.01665210723876953,1.6918112434678663e-07
500,heap,0.004471778869628906,7.160152756388869e-08
500,networkx,0.0019044876098632812,3.622617392822399e-08
500,classico,0.017879247665405273,1.8430741770003188e-07
500,heap,0.008228778839111328,1.0273573212705138e-07
500,networkx,0.0010437965393066406,4.332839699202914e-08
500,classico,0.017171621322631836,1.7510361441434698e-07
500,heap,0.0050661563873291016,6.073924301801203e-08
500,networkx,0.0017361640930175781,5.918218610673908e-08
500,classico,0.015271425247192383,1.6437559311592527e-07
500,heap,0.0046312808990478516,5.781327100476758e-08
500,networkx,0.002598285675048828,4.7326857886868604e-08
500,classico,0.01761794090270996,1.7711502350104922e-07
500,heap,0.005059003829956055,6.469722517664754e-08
500,networkx,0.0014181137084960938,2.8946536767286405e-08
500,classico,0.030004501342773438,2.9953474587207843e-07
500,heap,0.00917196273803711,1.1559874042573692e-07
500,networkx,0.0021800994873046875,3.815010005321247e-08
500,classico,0.017124652862548828,1.8008958650256204e-07
500,heap,0.0043795108795166016,6.545735597108138e-08
500,networkx,0.001123189926147461,4.689945213007393e-08
500,classico,0.01881694793701172,1.877943079372524e-07
500,heap,0.0028345584869384766,5.325692310754095e-08
500,networkx,0.0010797977447509766,3.9717807502942144e-08
500,classico,0.025070905685424805,2.578988141666146e-07
500,heap,0.008342742919921875,1.1187650519374568e-07
500,networkx,0.0014262199401855469,3.504626249396071e-08
500,classico,0.01909804344177246,1.919332395023118e-07
500,heap,0.00520634651184082,6.421791304754603e-08
500,networkx,0.001580953598022461,4.7801353072601565e-08
500,classico,0.020648717880249023,2.085657290429514e-07
500,heap,0.004925966262817383,6.151446924925986e-08
500,networkx,0.0015408992767333984,3.659057355502435e-08
500,classico,0.03238224983215332,3.1949404594471514e-07
500,heap,0.005614757537841797,7.000611354814877e-08
500,networkx,0.0017542839050292969,3.085707332599266e-08
500,classico,0.015703678131103516,1.7204414956154985e-07
500,heap,0.005424976348876953,8.191599438193493e-08
500,networkx,0.0018711090087890625,4.427335287411186e-08
500,classico,0.019646167755126953,1.968944381052993e-07
500,heap,0.004858493804931641,7.226012337812243e-08
500,networkx,0.0014560222625732422,2.9666058565642634e-08
500,classico,0.025290727615356445,2.565218693402973e-07
500,heap,0.004107952117919922,5.6916696000845877e-08
500,networkx,0.0016512870788574219,4.3567211720038045e-08
500,classico,0.018515825271606445,1.8469670322882138e-07
500,heap,0.005071401596069336,6.394089333477781e-08
500,networkx,0.0025310516357421875,4.600087058696275e-08
500,classico,0.017399311065673828,1.778059527870825e-07
500,heap,0.0068094730377197266,9.325208444909776e-08
500,networkx,0.002028942108154297,4.8995579276619076e-08
500,classico,0.02944326400756836,3.078260297965058e-07
500,heap,0.004260540008544922,5.6906203826763835e-08
500,networkx,0.0025124549865722656,3.838340014452669e-08
500,classico,0.017938613891601562,1.827464552194039e-07
500,heap,0.006679058074951172,7.488602724429938e-08
500,networkx,0.0017201900482177734,4.2001324341560395e-08
500,classico,0.020394325256347656,2.048120837576342e-07
500,heap,0.004181623458862305,5.133068263745024e-08
500,networkx,0.0017085075378417969,2.9068610000122683e-08
500,classico,0.016681432723999023,1.72586621722537e-07
500,heap,0.007475614547729492,9.796765108755466e-08
500,networkx,0.002832651138305664,4.495948038458452e-08
500,classico,0.017418622970581055,1.7706852470212396e-07
500,heap,0.0049707889556884766,6.256945868383832e-08
500,networkx,0.0024220943450927734,6.407839479151933e-08
500,classico,0.01922893524169922,1.9841199456898734e-07
500,heap,0.005846977233886719,8.303617849115131e-08
500,networkx,0.004342079162597656,6.043647509966971e-08
500,classico,0.019308805465698242,1.9634745145361076e-07
500,heap,0.004697084426879883,6.031120246795571e-08
500,networkx,0.0015854835510253906,3.389698312218065e-08
500,classico,0.01868724822998047,1.9117506573064928e-07
500,heap,0.004086494445800781,5.3866056707566536e-08
500,networkx,0.0015435218811035156,2.9632512159167167e-08
500,classico,0.019392967224121094,2.0633934771258629e-07
500,heap,0.008357763290405273,9.699721287329641e-08
500,networkx,0.0024416446685791016,4.36901468099625e-08
500,classico,0.01993536949157715,2.0577375574185915e-07
500,heap,0.005087137222290039,6.687740703801529e-08
500,networkx,0.004214286804199219,6.78705296717088e-08
500,classico,0.01738905906677246,1.7824177146459927e-07
500,heap,0.0025365352630615234,5.2382247394170714e-08
500,networkx,0.0015120506286621094,2.609832728769723e-08
500,classico,0.017602205276489258,1.7936086263945023e-07
500,heap,0.005221843719482422,7.821546171213238e-08
500,networkx,0.0019047260284423828,3.7374036946257887e-08
500,classico,0.017736434936523438,1.8198854553586263e-07
500,heap,0.004680156707763672,5.899805157627711e-08
500,networkx,0.0014834403991699219,3.7160060835036257e-08
500,classico,0.018626689910888672,1.9864962268144253e-07
500,heap,0.006078958511352539,7.586543778352319e-08
500,networkx,0.001451730728149414,2.5011645421885136e-08
500,classico,0.0172274112701416,1.789313441730959e-07
500,heap,0.005330324172973633,7.534388796246286e-08
500,networkx,0.0020225048065185547,3.285856391794959e-08
500,classico,0.019573211669921875,1.956929164496322e-07
500,heap,0.0041654109954833984,5.292958512212839e-08
500,networkx,0.0014584064483642578,5.992076913397071e-08
500,classico,0.017558574676513672,1.8141305246842543e-07
500,heap,0.01113128662109375,1.3716660898730955e-07
500,networkx,0.0022461414337158203,5.09562525457666e-08
500,classico,0.017994165420532227,2.0097861988244558e-07
500,heap,0.005509376525878906,6.731878228514663e-08
500,networkx,0.003167390823364258,4.411046499554538e-08
500,classico,0.018091917037963867,1.9000508215871515e-07
500,heap,0.0069544315338134766,9.630198768458107e-08
500,networkx,0.002299785614013672,3.924187142665127e-08
1000,classico,0.10457181930541992,9.938287771724064e-07
1000,heap,0.01657867431640625,1.7469678795097685e-07
1000,networkx,0.01215219497680664,1.2916416810022767e-07
1000,classico,0.05491352081298828,5.288780146711843e-07
1000,heap,0.018045902252197266,2.0086213355418046e-07
1000,networkx,0.010927438735961914,1.2003050000196902e-07
1000,classico,0.05553746223449707,5.370156408851606e-07
1000,heap,0.01452326774597168,1.4872926622182974e-07
1000,networkx,0.010998964309692383,1.142965670596611e-07
1000,classico,0.08676457405090332,8.26245089885591e-07
1000,heap,0.012760639190673828,1.3332251598783814e-07
1000,networkx,0.012364864349365234,1.4584157949088653e-07
1000,classico,0.0533597469329834,5.235648384267171e-07
1000,heap,0.014357328414916992,1.646789333754831e-07
1000,networkx,0.010117530822753906,1.099591041129102e-07
1000,classico,0.05439019203186035,5.251289646187814e-07
1000,heap,0.023604154586791992,2.538821815589304e-07
1000,networkx,0.01064920425415039,1.1958348030466477e-07
1000,classico,0.09136390686035156,8.837253008345385e-07
1000,heap,0.012976408004760742,1.350498690912669e-07
1000,networkx,0.015877962112426758,1.6334017167573937e-07
1000,classico,0.05619096755981445,5.416698430261215e-07
1000,heap,0.014268159866333008,1.462017117656223e-07
1000,networkx,0.012074708938598633,1.2803882756974258e-07
1000,classico,0.057306766510009766,5.533873428008365e-07
1000,heap,0.018328189849853516,1.9216313811242996e-07
1000,networkx,0.01287531852722168,1.4349606113130852e-07
1000,classico,0.05786943435668945,5.592381805103532e-07
1000,heap,0.0156404972076416,1.5853773233556864e-07
1000,networkx,0.011347532272338867,1.2212457644605063e-07
1000,classico,0.052887916564941406,5.106357133718494e-07
1000,heap,0.013492107391357422,1.4213724786961023e-07
1000,networkx,0.01201486587524414,1.3069561420437375e-07
1000,classico,0.08565664291381836,8.196914598646728e-07
1000,heap,0.0246584415435791,2.4601998294209854e-07
1000,networkx,0.00907588005065918,9.75420805692621e-08
1000,classico,0.054206132888793945,5.232026790935134e-07
1000,heap,0.013329267501831055,1.3905949531776785e-07
1000,networkx,0.010121345520019531,1.1294237713624034e-07
1000,classico,0.05378270149230957,5.165910271712791e-07
1000,heap,0.018602371215820312,1.9139518145909064e-07
1000,networkx,0.015178203582763672,1.7605312984202943e-07
1000,classico,0.09464669227600098,9.03495511589922e-07
1000,heap,0.01311945915222168,1.3952597059346387e-07
1000,networkx,0.009517669677734375,1.086708538435175e-07
1000,classico,0.05711960792541504,5.473749153531144e-07
1000,heap,0.016109943389892578,1.7536293973681032e-07
1000,networkx,0.01016688346862793,1.144424992819358e-07
1000,classico,0.06091189384460449,5.860939959203906e-07
1000,heap,0.018065452575683594,1.9340439664653443e-07
1000,networkx,0.012461423873901367,1.3398643327857484e-07
1000,classico,0.05508160591125488,5.301279917016961e-07
1000,heap,0.01488947868347168,1.508793647184413e-07
1000,networkx,0.00994110107421875,1.0802388596394909e-07
1000,classico,0.057649850845336914,5.557720810149378e-07
1000,heap,0.01702737808227539,1.7430567699789265e-07
1000,networkx,0.010038137435913086,1.221374619241992e-07
1000,classico,0.08276033401489258,7.93741817209505e-07
1000,heap,0.01953864097595215,2.0679205334719655e-07
1000,networkx,0.010774374008178711,1.1783436664661898e-07
1000,classico,0.05424165725708008,5.302774458506049e-07
1000,heap,0.015766382217407227,1.6438893182822603e-07
1000,networkx,0.013211250305175781,1.480691193326086e-07
1000,classico,0.05438041687011719,5.251899093385533e-07
1000,heap,0.014405965805053711,1.495067528209012e-07
1000,networkx,0.014493942260742188,1.6092044348957928e-07
1000,classico,0.08688521385192871,8.289973785010332e-07
1000,heap,0.013477802276611328,1.407519342858956e-07
1000,networkx,0.011328458786010742,1.3112259973849412e-07
1000,classico,0.05801749229431152,5.573262467795906e-07
1000,heap,0.01580667495727539,1.6755193017059516e-07
1000,networkx,0.014440298080444336,1.504698206398728e-07
1000,classico,0.0640101432800293,6.209412126833147e-07
1000,heap,0.015408515930175781,1.7953786945153972e-07
1000,networkx,0.019551992416381836,2.0506270262721203e-07
1000,classico,0.06032371520996094,5.797029923658559e-07
1000,heap,0.015323877334594727,1.5699582216206978e-07
1000,networkx,0.011055707931518555,1.1865409227485761e-07
1000,classico,0.05678105354309082,5.47474778366519e-07
1000,heap,0.015808582305908203,1.7374002614321435e-07
1000,networkx,0.011772871017456055,1.2649451070835334e-07
1000,classico,0.05746626853942871,5.532148732302727e-07
1000,heap,0.014765501022338867,1.4963318307151102e-07
1000,networkx,0.024272441864013672,2.600124536982894e-07
1000,classico,0.05478811264038086,5.313823712525941e-07
1000,heap,0.018854856491088867,1.9041349270834778e-07
1000,networkx,0.012924432754516602,1.4273341658762367e-07
1000,classico,0.052422523498535156,5.146454698594411e-07
1000,heap,0.01752948760986328,1.7643103546542573e-07
1000,networkx,0.012587308883666992,1.3652624555659454e-07
1000,classico,0.09070682525634766,8.781021303647349e-07
1000,heap,0.015620946884155273,1.7502769470299632e-07
1000,networkx,0.011514902114868164,1.2396943520664484e-07
1000,classico,0.05961179733276367,5.732241404968249e-07
1000,heap,0.013016939163208008,1.4172584535572552e-07
1000,networkx,0.01147150993347168,1.3202289384418845e-07
1000,classico,0.058635711669921875,5.642911031073884e-07
1000,heap,0.009212732315063477,1.0530894404609874e-07
1000,networkx,0.012435436248779297,1.4479185041911426e-07
1000,classico,0.09029555320739746,8.591636697530385e-07
1000,heap,0.014823436737060547,1.704927255017512e-07
1000,networkx,0.009487152099609375,1.0243303602937866e-07
1000,classico,0.05768251419067383,5.562345209078006e-07
1000,heap,0.016777753829956055,1.8092950778305102e-07
1000,networkx,0.012506246566772461,1.4074305831633208e-07
1000,classico,0.058197736740112305,5.692622755196841e-07
1000,heap,0.03401613235473633,3.5822971369331925e-07
1000,networkx,0.012320756912231445,1.385873403508529e-07
1000,classico,0.05633950233459473,5.434264033625815e-07
1000,heap,0.013242006301879883,1.387686328053259e-07
1000,networkx,0.012618541717529297,1.3397827730915007e-07
1000,classico,0.05691647529602051,5.488823976341277e-07
1000,heap,0.012996673583984375,1.3677545520952902e-07
1000,networkx,0.010312557220458984,1.374023416396974e-07
1000,classico,0.09196805953979492,8.75171636724447e-07
1000,heap,0.023328781127929688,2.428718128248715e-07
1000,networkx,0.011242866516113281,1.2015803523239331e-07
1000,classico,0.05786871910095215,5.548629104950089e-07
1000,heap,0.012883186340332031,1.462092075138057e-07
1000,networkx,0.010418415069580078,1.3076108144517166e-07
1000,classico,0.06181955337524414,5.909368676026553e-07
1000,heap,0.015326976776123047,1.7013810875634876e-07
1000,networkx,0.009721517562866211,1.0341894573959757e-07
1000,classico,0.08961987495422363,8.616993882083109e-07
1000,heap,0.015315055847167969,1.6845587289351043e-07
1000,networkx,0.006661415100097656,8.62818397300647e-08
1000,classico,0.055060625076293945,5.300583436520061e-07
1000,heap,0.014983415603637695,1.6148315457266608e-07
1000,networkx,0.011088132858276367,1.2344629594610183e-07
1000,classico,0.06018328666687012,5.768072103344375e-07
1000,heap,0.034873008728027344,3.520907997860868e-07
1000,networkx,0.011461019515991211,1.2352836731963942e-07
1000,classico,0.058834075927734375,5.668237082606107e-07
1000,heap,0.015961408615112305,1.8453986887105245e-07
1000,networkx,0.010481595993041992,1.117772448558792e-07
1000,classico,0.06252813339233398,6.016124913767208e-07
1000,heap,0.014531612396240234,1.6401775734325568e-07
1000,networkx,0.01168966293334961,1.3162781442132973e-07
1000,classico,0.09946250915527344,9.582429617679712e-07
1000,heap,0.021933317184448242,2.4023345307014476e-07
1000,networkx,0.011030435562133789,1.3257581133951302e-07
1000,classico,0.05957794189453125,5.715406149705738e-07
1000,heap,0.010062217712402344,1.163308158072819e-07
1000,networkx,0.012102365493774414,1.2620516001528639e-07
1000,classico,0.05842328071594238,5.635427487962655e-07
1000,heap,0.012687206268310547,1.403725195192653e-07
1000,networkx,0.01506352424621582,1.626186388777136e-07
1000,classico,0.11356949806213379,1.0767610545907224e-06
1000,heap,0.025112628936767578,2.695246131442229e-07
1000,networkx,0.01322031021118164,1.458309383213829e-07
1000,classico,0.05869626998901367,5.614125845386816e-07
1000,heap,0.01795792579650879,1.9087480620846455e-07
1000,networkx,0.009831666946411133,1.0764279209220329e-07
1000,classico,0.06944513320922852,6.676264540562115e-07
1000,heap,0.013283491134643555,1.3912146382922755e-07
1000,networkx,0.017526865005493164,1.7736198081610447e-07
1000,classico,0.11853718757629395,1.1305902744886238e-06
1000,heap,0.015691041946411133,1.6538112569022578e-07
1000,networkx,0.01650238037109375,1.7607128861894185e-07
1000,classico,0.057816267013549805,5.553913663255598e-07
1000,heap,0.014829158782958984,1.5626769205198916e-07
1000,networkx,0.01557779312133789,1.5818831929831037e-07
1000,classico,0.06054878234863281,5.794335433439191e-07
1000,heap,0.024961233139038086,2.86014962276908e-07
1000,networkx,0.018836498260498047,2.0417573028195036e-07
1000,classico,0.05791044235229492,5.574164277295333e-07
1000,heap,0.009574174880981445,1.0942718970117086e-07
1000,networkx,0.010544300079345703,1.1431350398073457e-07
1000,classico,0.05666851997375488,5.447316369466758e-07
1000,heap,0.01433253288269043,1.5080758165435693e-07
1000,networkx,0.010378837585449219,1.1089553688705197e-07
1000,classico,0.11254477500915527,1.070698125971883e-06
1000,heap,0.028588533401489258,3.0481466879540706e-07
1000,networkx,0.01212167739868164,1.347129989296667e-07
1000,classico,0.05775094032287598,5.561412873249097e-07
1000,heap,0.014430999755859375,1.6466681116765223e-07
1000,networkx,0.01069498062133789,1.3149314478129294e-07
1000,classico,0.05687832832336426,5.471171393218064e-07
1000,heap,0.015284538269042969,1.6618843959450724e-07
1000,networkx,0.022135496139526367,2.3738026248520006e-07
1000,classico,0.11189532279968262,6.6130065009129905e-09
1000,heap,0.016408681869506836,1.6721649242333986e-07
1000,networkx,0.01129770278930664,1.2328000391113657e-07
1000,classico,0.061131954193115234,5.875939423052228e-07
1000,heap,0.012245893478393555,1.313855018575342e-07
1000,networkx,0.009683609008789062,1.0543378887179233e-07
1000,classico,0.0652165412902832,6.238337257253117e-07
1000,heap,0.025898456573486328,2.758616386573244e-07
1000,networkx,0.018717288970947266,1.9779206678721323e-07
1000,classico,0.05748438835144043,5.534333642777036e-07
1000,heap,0.016921043395996094,1.7424566640153869e-07
1000,networkx,0.010466337203979492,1.140859594175997e-07
1000,classico,0.07193279266357422,6.86473215656053e-07
1000,heap,0.017345905303955078,1.8668531637295447e-07
1000,networkx,0.01149606704711914,1.2866807919940042e-07
1000,classico,0.0827786922454834,7.910267133584497e-07
1000,heap,0.025123119354248047,2.6782569374290483e-07
1000,networkx,0.012064933776855469,1.3268362913337275e-07
1000,classico,0.05825090408325195,5.580247623714447e-07
1000,heap,0.018093109130859375,1.8603782745191351e-07
1000,networkx,0.012982606887817383,1.5483492056188738e-07
1000,classico,0.05716228485107422,5.494753968407849e-07
1000,heap,0.017442941665649414,1.8112802979619515e-07
1000,networkx,0.011283397674560547,1.1810823781436417e-07
1000,classico,0.12186217308044434,1.192648438203134e-06
1000,heap,0.01652383804321289,1.7008804654441702e-07
1000,networkx,0.010361433029174805,1.1411492754285145e-07
1000,classico,0.06140732765197754,5.941256458236509e-07
1000,heap,0.017716407775878906,1.9610247658915448e-07
1000,networkx,0.011148214340209961,1.222673967030274e-07
1000,classico,0.05938720703125,5.684889679471182e-07
1000,heap,0.016483068466186523,1.8209883247057177e-07
1000,networkx,0.019434452056884766,2.1062370205892154e-07
1000,classico,0.09862327575683594,9.80097810470535e-07
1000,heap,0.017422199249267578,1.906704233880656e-07
1000,networkx,0.012301445007324219,1.304570617813895e-07
1000,classico,0.05763554573059082,5.565027569943513e-07
1000,heap,0.013904333114624023,1.7099253751838503e-07
1000,networkx,0.010691165924072266,1.2350226134521223e-07
1000,classico,0.05824089050292969,5.581378873682104e-07
1000,heap,0.04175448417663574,4.090080047823729e-07
1000,networkx,0.023488998413085938,2.581229055021869e-07
1000,classico,0.05599069595336914,5.408353467189004e-07
1000,heap,0.01533961296081543,1.6522186813767376e-07
1000,networkx,0.010055780410766602,1.1424667034804045e-07
5000,classico,1.1706011295318604,1.098253215648816e-05
5000,heap,0.10191750526428223,9.680782587613513e-07
5000,networkx,0.3734564781188965,3.5113190448033034e-06
5000,classico,2.0647032260894775,1.9372039772602905e-05
5000,heap,0.10385775566101074,9.889540578153961e-07
5000,networkx,0.3722825050354004,3.502179381622539e-06
5000,classico,1.17374849319458,1.100965535638763e-05
5000,heap,0.09910130500793457,9.526609610364831e-07
5000,networkx,0.36879849433898926,3.469915409472403e-06
5000,classico,2.065777063369751,1.9371462089650802e-05
5000,heap,0.10645556449890137,1.011467807015976e-06
5000,networkx,0.3730907440185547,3.5097033262883203e-06
5000,classico,1.1856505870819092,1.1121267606900734e-05
5000,heap,0.10578250885009766,1.004594524794825e-06
5000,networkx,0.37500452995300293,3.52527668305689e-06
5000,classico,2.056291341781616,1.9277924525726492e-05
5000,heap,0.09959268569946289,9.502623224772584e-07
5000,networkx,0.37714099884033203,3.548063620454239e-06
5000,classico,1.163902759552002,1.0928569515571375e-05
5000,heap,0.10866928100585938,1.0338332538880937e-06
5000,networkx,0.3748047351837158,3.526642090507498e-06
5000,classico,1.746706247329712,1.6386021903699908e-05
5000,heap,0.104278564453125,9.892141526531233e-07
5000,networkx,0.39011120796203613,3.6694761886929756e-06
5000,classico,1.1869781017303467,1.1132756954529976e-05
5000,heap,0.1041717529296875,9.889986343882802e-07
5000,networkx,0.6783344745635986,6.376607203985318e-06
5000,classico,1.5079677104949951,1.4150819164759235e-05
5000,heap,0.10405778884887695,9.889853929257188e-07
5000,networkx,0.3920464515686035,3.6865603029789793e-06
5000,classico,1.173145055770874,1.1009185715170423e-05
5000,heap,0.10449886322021484,9.94965298202995e-07
5000,networkx,0.6923689842224121,6.507750326809707e-06
5000,classico,1.2666752338409424,1.1878429617523831e-05
5000,heap,0.10254168510437012,9.757782288287265e-07
5000,networkx,0.3706836700439453,3.489199379784132e-06
5000,classico,1.1818323135375977,1.108527978955939e-05
5000,heap,0.1034400463104248,9.867684875634524e-07
5000,networkx,0.681659460067749,6.424699057341688e-06
5000,classico,1.1762070655822754,1.1033815220179442e-05
5000,heap,0.10519790649414062,1.0031635961273574e-06
5000,networkx,0.3737614154815674,3.5159247893385588e-06
5000,classico,1.155165433883667,1.084199092441635e-05
5000,heap,0.10348343849182129,9.843041863727824e-07
5000,networkx,0.6561985015869141,6.172491715377708e-06
5000,classico,1.179767370223999,1.1067239883279576e-05
5000,heap,0.10722494125366211,1.0175204798912816e-06
5000,networkx,0.3903939723968506,3.6800718948445364e-06
5000,classico,1.1604924201965332,1.0885725999321102e-05
5000,heap,0.1028139591217041,9.805010525532728e-07
5000,networkx,0.7051138877868652,6.62193702448005e-06
5000,classico,1.1721224784851074,1.0993123734468162e-05
5000,heap,0.10100197792053223,9.595083540873944e-07
5000,networkx,0.38188624382019043,3.5908635500164357e-06
5000,classico,1.161543846130371,1.0895959158928617e-05
5000,heap,0.12650346755981445,1.2011333687589442e-06
5000,networkx,0.6887624263763428,6.474031921648652e-06
5000,classico,1.1815950870513916,1.1081535058607522e-05
5000,heap,0.10606718063354492,1.0078649439074756e-06
5000,networkx,0.3850078582763672,3.622450593596948e-06
5000,classico,1.1939036846160889,1.1198878520431929e-05
5000,heap,0.09841084480285645,9.371851520435269e-07
5000,networkx,0.6957998275756836,6.546337901893737e-06
5000,classico,1.1746444702148438,1.101973718958098e-05
5000,heap,0.10642194747924805,1.0122566797664008e-06
5000,networkx,0.3958597183227539,3.721127259144114e-06
5000,classico,1.1845898628234863,1.1114574037508678e-05
5000,heap,0.1822526454925537,1.7238063670422636e-06
5000,networkx,0.7463524341583252,7.01245282016995e-06
5000,classico,1.152569055557251,1.0814953861161764e-05
5000,heap,0.1192166805267334,1.1354643920622785e-06
5000,networkx,0.3747572898864746,3.524007556026131e-06
5000,classico,1.155012845993042,1.0833417172611332e-05
5000,heap,0.17997169494628906,1.7055093552115155e-06
5000,networkx,0.7395117282867432,6.944226482677592e-06
5000,classico,1.1796932220458984,1.1064132944906112e-05
5000,heap,0.10438013076782227,9.965101195981017e-07
5000,networkx,0.3697185516357422,3.4766316289341925e-06
5000,classico,1.1712367534637451,1.0986030424845141e-05
5000,heap,0.21915030479431152,2.068317331706816e-06
5000,networkx,0.5566742420196533,5.229733670095373e-06
5000,classico,1.1609277725219727,1.0892244016621493e-05
5000,heap,0.1069798469543457,1.0156955098676605e-06
5000,networkx,0.36928415298461914,3.4735898513360686e-06
5000,classico,1.1705217361450195,1.0982457385920531e-05
5000,heap,0.21779942512512207,2.061841546301181e-06
5000,networkx,0.4918818473815918,4.6207019546008155e-06
5000,classico,1.1810145378112793,1.1079574501769476e-05
5000,heap,0.10451388359069824,9.91733828165126e-07
5000,networkx,0.3900778293609619,3.669590276364512e-06
5000,classico,1.197638750076294,1.1235674991302613e-05
5000,heap,0.22442269325256348,2.1194840205951485e-06
5000,networkx,0.4631965160369873,4.369014387443142e-06
5000,classico,1.1632983684539795,1.0913973856334447e-05
5000,heap,0.10227823257446289,9.718307004802608e-07
5000,networkx,0.3768458366394043,3.542602947527799e-06
5000,classico,1.1770589351654053,1.1044612226183955e-05
5000,heap,0.20676851272583008,1.9520417590687097e-06
5000,networkx,0.512312650680542,4.813890537221916e-06
5000,classico,1.1753151416778564,1.102459489974899e-05
5000,heap,0.1042933464050293,9.922677727585796e-07
5000,networkx,0.3881862163543701,3.6481389936116537e-06
5000,classico,1.1660385131835938,1.094416098382978e-05
5000,heap,0.23067712783813477,2.1777340278954542e-06
5000,networkx,0.5519571304321289,5.185634829910029e-06
5000,classico,1.1670787334442139,1.0956212245369375e-05
5000,heap,0.11659598350524902,1.1045157151878538e-06
5000,networkx,0.3788766860961914,3.564797583412045e-06
5000,classico,1.1793501377105713,1.1073868527436508e-05
5000,heap,0.19849157333374023,1.8911200160160114e-06
5000,networkx,0.45938682556152344,4.3188451358280255e-06
5000,classico,1.1774189472198486,1.1044973433548828e-05
5000,heap,0.10786652565002441,1.0230774894430746e-06
5000,networkx,0.3687877655029297,3.4685603657229797e-06
5000,classico,1.1727464199066162,1.1005472303713912e-05
5000,heap,0.20847034454345703,1.981036515227829e-06
5000,networkx,0.4908945560455322,4.611549037914348e-06
5000,classico,1.1797268390655518,1.1065685222348965e-05
5000,heap,0.10396814346313477,9.89335443880018e-07
5000,networkx,0.3733100891113281,3.511758963547069e-06
5000,classico,1.1802194118499756,1.1074276446389676e-05
5000,heap,0.2380523681640625,2.2456978959823287e-06
5000,networkx,0.37524986267089844,3.528259944480938e-06
5000,classico,1.1953656673431396,1.1214093641279836e-05
5000,heap,0.10770606994628906,1.021374968264762e-06
5000,networkx,0.3963038921356201,3.729194894704946e-06
5000,classico,1.1752362251281738,1.102339242211296e-05
5000,heap,0.22441887855529785,2.1171115424325545e-06
5000,networkx,0.3826327323913574,3.5999707958609055e-06
5000,classico,1.1587088108062744,1.0876048656387937e-05
5000,heap,0.10475707054138184,9.95683954130153e-07
5000,networkx,0.3797178268432617,3.5717038205185666e-06
5000,classico,1.1697397232055664,1.0978603637176164e-05
5000,heap,0.24740004539489746,2.333700056563053e-06
5000,networkx,0.3915743827819824,3.6843652527439643e-06
5000,classico,1.147517442703247,1.0762101492996607e-05
5000,heap,0.13909411430358887,1.3191753666954966e-06
5000,networkx,0.376878023147583,3.5470749971429065e-06
5000,classico,1.2226440906524658,1.1478870787025658e-05
5000,heap,0.23707032203674316,2.244235698673737e-06
5000,networkx,0.3938472270965576,3.704022794857395e-06
5000,classico,1.1874539852142334,6.826311085046766e-08
5000,heap,0.12295174598693848,1.169757702335224e-06
5000,networkx,0.3796806335449219,3.579540187064112e-06
5000,classico,1.791356086730957,1.6800190765306006e-05
5000,heap,0.2038593292236328,1.9420237532686825e-06
5000,networkx,0.37306785583496094,3.5244148000336e-06
5000,classico,1.1733148097991943,1.1005386358891761e-05
5000,heap,0.11496186256408691,1.0930651042893562e-06
5000,networkx,0.3932931423187256,3.7076298628652793e-06
5000,classico,2.078688859939575,1.950534210409237e-05
5000,heap,0.10812902450561523,1.0272193969134356e-06
5000,networkx,0.388110876083374,3.6507574855937617e-06
5000,classico,1.1591811180114746,1.0874353638985367e-05
5000,heap,0.10895514488220215,1.0368717018268326e-06
5000,networkx,0.38598155975341797,3.631761525461155e-06
5000,classico,1.9799938201904297,1.856059517622205e-05
5000,heap,0.10387396812438965,9.891279687236992e-07
5000,networkx,0.40287089347839355,2.324574145512854e-08
5000,classico,1.1650738716125488,1.0929101923809783e-05
5000,heap,0.10577154159545898,1.0058395015380887e-06
5000,networkx,0.7007172107696533,6.583248363634846e-06
5000,classico,1.2478559017181396,1.1705649055193054e-05
5000,heap,0.12249588966369629,1.1679994124850482e-06
5000,networkx,0.38010740280151367,3.5738909463070183e-06
5000,classico,1.1617169380187988,1.0905051478851406e-05
5000,heap,0.10494375228881836,1.0013271703615094e-06
5000,networkx,0.7171108722686768,6.74044005710886e-06
5000,classico,1.155092716217041,1.0836615123009384e-05
5000,heap,0.10787034034729004,1.025211910347627e-06
5000,networkx,0.3724675178527832,3.505666399889659e-06
5000,classico,1.15484619140625,1.083075074852154e-05
5000,heap,0.12479281425476074,1.1835683145426502e-06
5000,networkx,0.7513258457183838,7.062210139309154e-06
5000,classico,1.1586699485778809,1.0868068565795128e-05
5000,heap,0.10921430587768555,1.0373033245283595e-06
5000,networkx,0.38353872299194336,3.617585074520887e-06
5000,classico,1.154792070388794,1.0831212682988198e-05
5000,heap,0.10726666450500488,1.0199324067544099e-06
5000,networkx,0.7357017993927002,6.9093273345592555e-06
5000,classico,1.1706702709197998,1.0982552796894749e-05
5000,heap,0.11149191856384277,1.059077532485997e-06
5000,networkx,0.39890289306640625,3.750495076324369e-06
5000,classico,1.1539947986602783,1.082625815262588e-05
5000,heap,0.10847592353820801,1.0285139411471428e-06
5000,networkx,0.6998724937438965,6.5733145686809236e-06
5000,classico,1.1705451011657715,1.0977741703296103e-05
5000,heap,0.10286402702331543,9.806934380735844e-07
5000,networkx,0.37801146507263184,3.562611107584537e-06
5000,classico,1.17155122756958,1.0992189760127615e-05
5000,heap,0.1076955795288086,1.024898192560139e-06
5000,networkx,0.6778419017791748,6.3677942560398205e-06
5000,classico,1.1860146522521973,1.1138363593134662e-05
5000,heap,0.10856842994689941,1.040048224456827e-06
5000,networkx,0.3940403461456299,3.711768880082496e-06
5000,classico,1.1649792194366455,1.0925882119178944e-05
5000,heap,0.10872578620910645,1.0323505281410737e-06
5000,networkx,0.7027337551116943,6.603124469955716e-06
5000,classico,1.219221830368042,1.1436261757929917e-05
5000,heap,0.1068122386932373,1.0221603418371203e-06
5000,networkx,0.37978458404541016,3.572740884929474e-06
5000,classico,1.1617064476013184,1.0894964697115906e-05
5000,heap,0.122528076171875,1.1690212806426503e-06
5000,networkx,0.7074995040893555,6.649488867606178e-06
5000,classico,1.1600332260131836,1.0890292708240506e-05
5000,heap,0.10623574256896973,1.0094229782147037e-06
5000,networkx,0.3689887523651123,3.4691618300424876e-06
5000,classico,1.1554338932037354,1.083908183891378e-05
5000,heap,0.10339236259460449,9.835978038806764e-07
5000,networkx,0.7246437072753906,6.8059952057606915e-06
5000,classico,1.1508471965789795,1.0795702396961355e-05
5000,heap,0.10839486122131348,1.028018954104253e-06
5000,networkx,0.3744010925292969,3.522026361902814e-06
5000,classico,1.172368049621582,1.0994830647460063e-05
5000,heap,0.11559796333312988,1.0950427207258162e-06
5000,networkx,0.7585196495056152,7.134639109067357e-06
5000,classico,1.1571252346038818,1.0855095300896664e-05
5000,heap,0.10531282424926758,1.0013190282210615e-06
5000,networkx,0.3688054084777832,3.4682301896740907e-06
5000,classico,1.1830213069915771,1.1095438303503673e-05
5000,heap,0.1836104393005371,1.7330006493035822e-06
5000,networkx,0.7878713607788086,7.397783229122206e-06
5000,classico,1.1824204921722412,1.1093439806214978e-05
5000,heap,0.10482168197631836,9.998477916721384e-07
5000,networkx,0.39865708351135254,3.7470464013320796e-06
10000,classico,6.2550904750823975,5.861579190711623e-05
10000,heap,0.5960149765014648,5.600079147215231e-06
10000,networkx,2.8148903846740723,2.6382852050364528e-05
10000,classico,6.277846336364746,5.882347241117117e-05
10000,heap,0.5753920078277588,5.405178762839075e-06
10000,networkx,2.8105127811431885,2.6361145294326382e-05
10000,classico,6.151513576507568,5.766117093883199e-05
10000,heap,0.5807600021362305,5.455998688500437e-06
10000,networkx,3.3645787239074707,3.1536163712101605e-05
10000,classico,5.126543283462524,4.804059398064791e-05
10000,heap,0.5893375873565674,5.544887129975e-06
10000,networkx,4.062111139297485,3.806861957381662e-05
10000,classico,5.251001358032227,4.9204268326295304e-05
10000,heap,0.6502876281738281,6.10497858609009e-06
10000,networkx,3.580998420715332,3.356883041558636e-05
10000,classico,5.170997381210327,4.845920726113709e-05
10000,heap,1.0331928730010986,9.722286303649572e-06
10000,networkx,2.848004102706909,2.6692939062914673e-05
10000,classico,5.106579065322876,4.785145963026912e-05
10000,heap,1.1201488971710205,1.0527608149513607e-05
10000,networkx,2.8411478996276855,2.6630685208110708e-05
10000,classico,6.0178587436676025,5.6389413750299414e-05
10000,heap,0.6211209297180176,5.833509633921089e-06
10000,networkx,2.8163838386535645,2.6396842790714824e-05
10000,classico,6.297341585159302,5.900960229629829e-05
10000,heap,0.5904624462127686,5.55769044797372e-06
10000,networkx,2.824840545654297,2.6479434019838886e-05
10000,classico,6.308021783828735,5.9110667752838065e-05
10000,heap,0.5852296352386475,5.497368634671369e-06
10000,networkx,2.8304100036621094,2.6531907781117103e-05
10000,classico,5.911349534988403,5.539068949604063e-05
10000,heap,0.569772481918335,5.35202962897465e-06
10000,networkx,3.5804054737091064,3.356199105895408e-05
10000,classico,5.1986823081970215,4.871631262338125e-05
10000,heap,0.5869941711425781,5.517151453432728e-06
10000,networkx,4.080278635025024,3.824130887341778e-05
10000,classico,5.205883741378784,4.878516852967658e-05
10000,heap,0.5961534976959229,5.600143657135518e-06
10000,networkx,3.560459613800049,3.3372955739172975e-05
10000,classico,5.1195855140686035,4.798439841952867e-05
10000,heap,1.1164207458496094,1.0473441312689459e-05
10000,networkx,2.872295379638672,2.6930909140372338e-05
10000,classico,5.0771355628967285,4.757676417132536e-05
10000,heap,1.1321580410003662,1.0646966730601821e-05
10000,networkx,2.828237771987915,2.651521388068384e-05
10000,classico,5.869266986846924,5.500308251284235e-05
10000,heap,0.5819878578186035,5.470027453165494e-06
10000,networkx,2.8403480052948,2.6633630796296386e-05
10000,classico,6.193517684936523,5.8039077844268484e-05
10000,heap,0.5700478553771973,5.356899048715043e-06
10000,networkx,2.8285439014434814,2.6518077089690475e-05
10000,classico,6.242823839187622,5.849785733262417e-05
10000,heap,0.5925297737121582,5.564459790313479e-06
10000,networkx,2.80133318901062,2.626248153165639e-05
10000,classico,6.173655271530151,5.7847792798072664e-05
10000,heap,0.5999317169189453,5.636311695854953e-06
10000,networkx,3.4557013511657715,3.2390304216080624e-05
10000,classico,5.1470947265625,4.8237282698983586e-05
10000,heap,0.5753216743469238,5.406233530118277e-06
10000,networkx,4.070362091064453,3.814643373396298e-05
10000,classico,5.218086242675781,4.889833352558527e-05
10000,heap,0.5928356647491455,5.569503860138397e-06
10000,networkx,3.566300630569458,3.344611798252772e-05
10000,classico,5.091612339019775,4.7711224678675056e-05
10000,heap,1.0946414470672607,1.0272252420628315e-05
10000,networkx,2.8268473148345947,2.649670818121047e-05
10000,classico,5.125216007232666,4.803224309921264e-05
10000,heap,1.0623164176940918,9.976515618696781e-06
10000,networkx,2.793933629989624,2.618893140485441e-05
10000,classico,5.755361557006836,5.39363028337848e-05
10000,heap,0.5880739688873291,5.529965039666698e-06
10000,networkx,2.803576946258545,2.6278890750232097e-05
10000,classico,6.221829175949097,5.830759166001573e-05
10000,heap,0.5698647499084473,5.351627756853096e-06
10000,networkx,2.816291332244873,2.6396735070168267e-05
10000,classico,6.273739576339722,5.878691965405341e-05
10000,heap,0.5864384174346924,5.5086617496502e-06
10000,networkx,2.7984097003936768,2.6228918004279364e-05
10000,classico,6.225237846374512,5.833372663586094e-05
10000,heap,0.5865392684936523,5.521185938351485e-06
10000,networkx,3.101005792617798,2.907636162217411e-05
10000,classico,5.4711737632751465,5.130228008380369e-05
10000,heap,0.571232795715332,5.366372359459129e-06
10000,networkx,4.0330047607421875,3.7801711590206294e-05
10000,classico,5.153357267379761,4.829157053126892e-05
10000,heap,0.5889277458190918,5.532314286495684e-06
10000,networkx,3.9649906158447266,3.716541597529659e-05
10000,classico,5.16508674621582,4.840254289701336e-05
10000,heap,1.0101077556610107,9.477502042747231e-06
10000,networkx,3.0771145820617676,2.8848881674704015e-05
10000,classico,5.091778755187988,4.7715554651227534e-05
10000,heap,1.078871726989746,1.0129698829733882e-05
10000,networkx,2.8200910091400146,2.6440775308082882e-05
10000,classico,5.4741761684417725,5.1311752878414984e-05
10000,heap,0.8545567989349365,8.01865080075277e-06
10000,networkx,2.8146026134490967,2.6382607408733356e-05
10000,classico,6.2183918952941895,5.827092453730797e-05
10000,heap,0.5749497413635254,5.399972136584738e-06
10000,networkx,2.8605129718780518,2.6818172815348826e-05
10000,classico,6.250175714492798,5.856909932211389e-05
10000,heap,0.5688726902008057,5.342245167725442e-06
10000,networkx,2.8086204528808594,2.6324366848849896e-05
10000,classico,6.24554443359375,5.854728668790578e-05
10000,heap,0.5760173797607422,5.409709321045573e-06
10000,networkx,3.410033702850342,3.1966036519676747e-05
10000,classico,5.265812158584595,4.935958593370317e-05
10000,heap,0.5828225612640381,5.474935717143524e-06
10000,networkx,4.022747755050659,3.769862537842709e-05
10000,classico,5.202493667602539,4.876137638268094e-05
10000,heap,0.589055061340332,5.541027959828805e-06
10000,networkx,3.5909476280212402,3.365500305105616e-05
10000,classico,5.164817571640015,4.839994678342597e-05
10000,heap,1.0675909519195557,1.0023853518793047e-05
10000,networkx,2.9027183055877686,2.7216472941843537e-05
10000,classico,5.172539472579956,4.847779074188131e-05
10000,heap,1.0821208953857422,1.0155275848089745e-05
10000,networkx,2.821976661682129,2.6448969007203065e-05
10000,classico,5.550194978713989,5.2030154151599676e-05
10000,heap,0.8375406265258789,7.875660704188686e-06
10000,networkx,2.8108861446380615,2.6347511055922076e-05
10000,classico,6.16197943687439,5.7742439556709916e-05
10000,heap,0.6034355163574219,5.666265460361999e-06
10000,networkx,2.8409242630004883,2.6630079198072722e-05
10000,classico,6.216726064682007,5.8250783532588305e-05
10000,heap,0.5821466445922852,5.466958552941097e-06
10000,networkx,2.804405927658081,2.628652746123404e-05
10000,classico,6.314340114593506,5.917473721678865e-05
10000,heap,0.621772050857544,5.8414824014072855e-06
10000,networkx,2.8076388835906982,2.6314871885951585e-05
10000,classico,5.859170198440552,5.4901274536479435e-05
10000,heap,0.5957729816436768,5.604823824729922e-06
10000,networkx,3.5507442951202393,3.328327802167615e-05
10000,classico,5.206880569458008,4.87916895077117e-05
10000,heap,0.6000156402587891,5.641062865850642e-06
10000,networkx,4.053194999694824,3.798681408451099e-05
10000,classico,5.103399991989136,4.782050279117771e-05
10000,heap,0.5841376781463623,5.48796035131793e-06
10000,networkx,3.4622042179107666,3.245223472768767e-05
10000,classico,5.163649559020996,4.838795919269841e-05
10000,heap,1.113116979598999,1.0445918969879088e-05
10000,networkx,2.803488254547119,2.627787641886403e-05
10000,classico,5.291310548782349,4.959864119905505e-05
10000,heap,1.0075926780700684,9.455842159335764e-06
10000,networkx,2.766566038131714,2.5929231218685164e-05
10000,classico,6.094903469085693,5.711287743141522e-05
10000,heap,0.5907042026519775,5.5508842603512025e-06
10000,networkx,2.8029708862304688,2.6281446432817598e-05
10000,classico,6.238309621810913,5.846225874460466e-05
10000,heap,0.5995786190032959,5.632770199472629e-06
10000,networkx,2.7983005046844482,2.6238282878050108e-05
10000,classico,6.316308498382568,5.9188019664462316e-05
10000,heap,0.5891492366790771,5.535508868867066e-06
10000,networkx,2.7995285987854004,2.6239468437947338e-05
10000,classico,5.780275344848633,5.4187056935154536e-05
10000,heap,0.6004014015197754,5.638426239171869e-06
10000,networkx,3.7465646266937256,3.511330482923065e-05
10000,classico,5.171708583831787,4.846782883218657e-05
10000,heap,0.6295909881591797,5.9194504677370294e-06
10000,networkx,3.991313934326172,3.7406024334887106e-05
10000,classico,5.136714220046997,4.81344553436804e-05
10000,heap,0.849083423614502,7.968104098975824e-06
10000,networkx,3.2972099781036377,3.0920273485069445e-05
10000,classico,5.192888975143433,4.8669020933012754e-05
10000,heap,1.0862019062042236,1.0226934182392202e-05
10000,networkx,2.8407788276672363,2.6632517589572857e-05
10000,classico,5.1302995681762695,4.8083816607869914e-05
10000,heap,1.0802648067474365,1.0143868020013498e-05
10000,networkx,2.8263559341430664,2.6490875465253777e-05
10000,classico,5.817955732345581,5.454080790957587e-05
10000,heap,0.5942232608795166,5.580432570137867e-06
10000,networkx,2.8280954360961914,2.6508173697505487e-05
10000,classico,6.1876380443573,5.7987478212237156e-05
10000,heap,0.5972099304199219,5.618112479831245e-06
10000,networkx,2.8084797859191895,2.6322630168773662e-05
10000,classico,6.315147638320923,5.9178459385552095e-05
10000,heap,0.5863909721374512,5.5089534084421805e-06
10000,networkx,2.8107340335845947,2.63539435722632e-05
10000,classico,5.990136384963989,5.612832800698232e-05
10000,heap,0.58673095703125,5.512464476182891e-06
10000,networkx,3.461986541748047,3.245622196480677e-05
10000,classico,5.169148683547974,4.843700040356675e-05
10000,heap,0.5735845565795898,5.385977145836303e-06
10000,networkx,4.002718448638916,3.7510093139209464e-05
10000,classico,5.1186158657073975,4.796602008130335e-05
10000,heap,0.5760231018066406,5.41830841332516e-06
10000,networkx,3.5237553119659424,3.3026382784846665e-05
10000,classico,5.17945408821106,4.853627034935686e-05
10000,heap,1.106722354888916,1.0408868791818031e-05
10000,networkx,2.8845267295837402,2.7035624131905278e-05
10000,classico,5.167107820510864,4.842545382942146e-05
10000,heap,1.0894911289215088,1.0225239956809378e-05
10000,networkx,2.8395731449127197,2.6613122426750152e-05
10000,classico,5.847994089126587,5.4806528360653674e-05
10000,heap,0.6253492832183838,5.878287620215125e-06
10000,networkx,2.877427577972412,2.6968658613355463e-05
10000,classico,6.238962650299072,5.8458316099220876e-05
10000,heap,0.5751161575317383,5.400719594689377e-06
10000,networkx,2.7943572998046875,2.619042190382443e-05
10000,classico,6.267239570617676,5.872899689774705e-05
10000,heap,0.5763556957244873,5.4139132242388e-06
10000,networkx,2.8020105361938477,2.6265888095644825e-05
10000,classico,6.104212045669556,5.719670537558568e-05
10000,heap,0.6003320217132568,5.640879438380152e-06
10000,networkx,3.4294722080230713,3.215230606670302e-05
10000,classico,5.278231382369995,4.9465618613811796e-05
10000,heap,0.624504804611206,5.875771580834204e-06
10000,networkx,4.075713872909546,3.819517944113426e-05
10000,classico,5.161738872528076,4.836969083270981e-05
10000,heap,0.6012961864471436,5.6525711560451755e-06
10000,networkx,3.6328885555267334,3.404614603518534e-05
10000,classico,5.139965057373047,4.8176938266388494e-05
10000,heap,1.0448849201202393,9.813003610461835e-06
10000,networkx,2.860065221786499,2.680771838641148e-05
10000,classico,5.1644127368927,4.839862698302775e-05
10000,heap,1.0977556705474854,1.0326524352277087e-05
10000,networkx,2.8191933631896973,2.6423708155252257e-05
10000,classico,5.8006157875061035,5.43664500206311e-05
10000,heap,0.6002798080444336,5.638693491622893e-06
10000,networkx,2.918032169342041,2.7348636333571535e-05
10000,classico,6.290082693099976,5.894175277997147e-05
10000,heap,0.5960996150970459,5.606064478803059e-06
10000,networkx,2.8678107261657715,2.6885205100616e-05
10000,classico,6.3843443393707275,3.66664205979505e-07
10000,heap,0.6026749610900879,5.66144466238991e-06
10000,networkx,3.3927931785583496,3.180112505974112e-05
50000,classico,135.37151288986206,0.0012644506068257774
50000,heap,0.7692036628723145,7.225228152621545e-06
50000,networkx,0.543708324432373,5.118682727248962e-06
50000,classico,134.95847034454346,0.0012609318772262817
50000,heap,0.7659058570861816,7.1898822823500485e-06
50000,networkx,0.5338237285614014,5.021018983854239e-06
50000,classico,134.67125630378723,0.0012587743076507944
50000,heap,0.7774136066436768,7.304698705849369e-06
50000,networkx,0.8664262294769287,8.143472161675648e-06
50000,classico,133.70062279701233,0.0012492617792927243
50000,heap,1.3091564178466797,1.2298285094242108e-05
50000,networkx,0.5685272216796875,5.347075845381439e-06
50000,classico,134.85266613960266,0.001260680626485536
50000,heap,0.7891089916229248,7.412442277236018e-06
50000,networkx,0.5210261344909668,4.906710328934851e-06
50000,classico,134.73688793182373,0.0012585248922705307
50000,heap,0.763169527053833,7.1650881206925734e-06
50000,networkx,0.5017485618591309,4.719354722789179e-06
50000,classico,136.57752442359924,0.001275012609713042
50000,heap,1.2945599555969238,1.2150612708453378e-05
50000,networkx,0.5492098331451416,5.164017706570775e-06
50000,classico,134.59760522842407,0.001258481059543022
50000,heap,0.7618660926818848,7.1602906084795415e-06
50000,networkx,0.8378739356994629,4.821352483826833e-08
50000,classico,134.3880524635315,0.0012561880068577452
50000,heap,0.7696545124053955,7.223230924469376e-06
50000,networkx,0.5350453853607178,5.032676412803352e-06
50000,classico,136.26810455322266,0.0012731258256070924
50000,heap,1.2306323051452637,1.1566530842065538e-05
50000,networkx,0.5202839374542236,4.9031477902084095e-06
50000,classico,136.04763913154602,0.0012702907063318813
50000,heap,0.7587246894836426,7.123373535154353e-06
50000,networkx,0.5253732204437256,4.941687118687579e-06
50000,classico,133.98245668411255,0.0012529746146001416
50000,heap,0.7599935531616211,7.142615676391252e-06
50000,networkx,0.6209797859191895,5.854074107604069e-06
50000,classico,133.50737404823303,0.0012474725473625213
50000,heap,1.014784574508667,9.524803197928297e-06
50000,networkx,0.6993327140808105,6.574008732164746e-06
50000,classico,136.9367241859436,0.001279419200599813
50000,heap,0.7599515914916992,7.1343037119178416e-06
50000,networkx,0.4749336242675781,4.469889230797823e-06
50000,classico,135.40592122077942,0.0012649998201256878
50000,heap,0.7537124156951904,7.078026622321908e-06
50000,networkx,0.8251028060913086,7.766411829699708e-06
50000,classico,132.41677951812744,0.0012366436600419473
50000,heap,0.9093012809753418,8.534024872245925e-06
50000,networkx,0.8042902946472168,7.5555850951480325e-06
50000,classico,135.97958397865295,0.001270487948973653
50000,heap,0.7494208812713623,7.042700568078691e-06
50000,networkx,0.5279760360717773,4.968636878767242e-06
50000,classico,136.129141330719,0.0012722182046685949
50000,heap,0.7697999477386475,4.432870995918704e-08
50000,networkx,0.7917513847351074,4.559734499806328e-08
50000,classico,132.85959601402283,0.0012413526981240816
50000,heap,1.3031494617462158,1.2264067845989233e-05
50000,networkx,0.5289506912231445,4.98224971170947e-06
50000,classico,133.76856207847595,0.0012496980178459175
50000,heap,0.749500036239624,7.037660926644298e-06
50000,networkx,0.5123996734619141,4.816417915018688e-06
50000,classico,135.7346158027649,0.0012668203390598719
50000,heap,0.7353065013885498,6.903485228281317e-06
50000,networkx,0.5041890144348145,4.739445975779875e-06
50000,classico,136.29229259490967,0.0012734277848178148
50000,heap,1.3043220043182373,1.2244145067781674e-05
50000,networkx,0.5428462028503418,5.102622880668253e-06
50000,classico,135.88241243362427,0.0012695653601464238
50000,heap,0.7826652526855469,7.349453741852676e-06
50000,networkx,0.5542593002319336,5.209070511983633e-06
50000,classico,136.2413718700409,0.001272872142043922
50000,heap,0.917675256729126,8.61330801704354e-06
50000,networkx,0.8500785827636719,7.984417279813616e-06
50000,classico,136.28163886070251,0.0012718048107762901
50000,heap,0.806769609451294,7.578956525603015e-06
50000,networkx,0.5597827434539795,5.28118737124062e-06
50000,classico,135.4998550415039,0.0012646191344259673
50000,heap,0.7531282901763916,7.077315338576758e-06
50000,networkx,0.5574798583984375,5.2487948927075285e-06
50000,classico,135.37354159355164,0.0012638708751998733
50000,heap,1.3008811473846436,1.2212657913085669e-05
50000,networkx,0.49016451835632324,4.60863660045245e-06
50000,classico,135.841233253479,0.0012696740326476766
50000,heap,0.8342466354370117,7.83288790037185e-06
50000,networkx,0.5653603076934814,5.317269461120141e-06
50000,classico,133.92310404777527,0.001251829029182235
50000,heap,0.7590150833129883,7.127931636206173e-06
50000,networkx,0.526430606842041,4.956529915019202e-06
50000,classico,133.57283210754395,0.0012477692759220295
50000,heap,0.8315310478210449,7.804002807952574e-06
50000,networkx,0.74399733543396,6.991676106144681e-06
50000,classico,135.70915293693542,0.0012671985066998641
50000,heap,0.8281960487365723,7.772625927703365e-06
50000,networkx,0.4910457134246826,4.6169886916932064e-06
50000,classico,136.20650458335876,0.0012729492995523259
50000,heap,0.7913212776184082,7.4338213312830135e-06
50000,networkx,0.5416295528411865,5.092891235379427e-06
50000,classico,134.17075443267822,0.00125402425602494
50000,heap,0.7995405197143555,7.507307494178205e-06
50000,networkx,0.7895357608795166,7.422405359724798e-06
50000,classico,132.44783782958984,0.0012376109433235695
50000,heap,1.179792881011963,1.1069510226019067e-05
50000,networkx,0.5779430866241455,5.429530897054674e-06
50000,classico,136.43558764457703,0.0012748855566617667
50000,heap,0.8029642105102539,7.5444447198187355e-06
50000,networkx,0.5557839870452881,5.233014976623068e-06
50000,classico,133.62403798103333,0.001249247735695376
50000,heap,0.764348030090332,7.175129428310127e-06
50000,networkx,0.49741315841674805,4.6915458517432285e-06
50000,classico,134.17175149917603,0.00125403367426562
50000,heap,0.7794418334960938,7.314783226331962e-06
50000,networkx,0.8120148181915283,7.633968759536217e-06
50000,classico,135.76110124588013,0.0012686596578223648
50000,heap,0.845585823059082,7.93490242892705e-06
50000,networkx,0.561802864074707,5.278397723453771e-06
50000,classico,134.25679874420166,0.0012557316261984437
50000,heap,0.8611576557159424,8.08028060049513e-06
50000,networkx,0.5679032802581787,5.33883058560918e-06
50000,classico,138.09039998054504,0.0012894113744775773
50000,heap,1.3264315128326416,1.2444982136542654e-05
50000,networkx,0.5453941822052002,5.12620195489865e-06
50000,classico,137.05377769470215,0.0012802816627400912
50000,heap,0.7662103176116943,7.192782791208318e-06
50000,networkx,0.5429079532623291,5.106789163254509e-06
50000,classico,135.52399563789368,0.001266155573898414
50000,heap,0.7683165073394775,7.213904923045191e-06
50000,networkx,0.8135895729064941,7.665056794063291e-06
50000,classico,137.5806336402893,0.0012852676206394642
50000,heap,0.8421421051025391,7.903113779910775e-06
50000,networkx,0.5886893272399902,5.5303294772129436e-06
50000,classico,134.72019934654236,0.0012587497849375685
50000,heap,0.830183744430542,7.800454592483384e-06
50000,networkx,0.577568769454956,5.438169273869207e-06
50000,classico,135.82062911987305,0.0012687448582660555
50000,heap,1.3350605964660645,1.2535573131767383e-05
50000,networkx,0.5636959075927734,5.298024465752523e-06
50000,classico,136.60251021385193,0.0012766265412215917
50000,heap,0.7749149799346924,7.281280127989272e-06
50000,networkx,0.5119156837463379,4.810884645345594e-06
50000,classico,136.8111755847931,0.0012775501465714266
50000,heap,1.2372009754180908,1.1621144347947757e-05
50000,networkx,0.5030202865600586,4.729815693285759e-06
50000,classico,136.1899311542511,0.0012717746318993237
50000,heap,0.7817068099975586,7.335347097341078e-06
50000,networkx,0.5556998252868652,5.222094992701578e-06
50000,classico,136.45077061653137,0.0012749437918582387
50000,heap,0.7803318500518799,7.3322139236283355e-06
50000,networkx,0.9179046154022217,8.62443323447911e-06
50000,classico,132.94624733924866,0.0012415623430722706
50000,heap,1.245415449142456,1.1690378467669357e-05
50000,networkx,0.5605957508087158,5.266469930527529e-06
50000,classico,133.6403033733368,0.0012484565265101092
50000,heap,0.7845501899719238,7.364248119379137e-06
50000,networkx,0.5214748382568359,4.902430053698674e-06
50000,classico,136.12232065200806,0.0012721147964447521
50000,heap,0.7533082962036133,7.069931025925843e-06
50000,networkx,0.5566420555114746,5.241285064746387e-06
50000,classico,133.60549139976501,0.0012483981142162551
50000,heap,0.8034873008728027,7.539413042094633e-06
50000,networkx,0.8268837928771973,7.773020216643028e-06
50000,classico,134.49165439605713,0.0012567052650685293
50000,heap,1.0712416172027588,1.004770915192277e-05
50000,networkx,0.5036025047302246,4.733762693888961e-06
50000,classico,135.70077967643738,0.0012671507545926376
50000,heap,0.7758026123046875,7.290274055223848e-06
50000,networkx,0.5313873291015625,5.001753222268239e-06
50000,classico,135.94823145866394,0.0012699649313779283
50000,heap,1.0562705993652344,9.911480252433838e-06
50000,networkx,0.7130131721496582,6.698030277159089e-06
50000,classico,135.45291662216187,0.0012656491400830582
50000,heap,0.825303316116333,7.744841476819687e-06
50000,networkx,0.5552492141723633,5.221356366856574e-06
50000,classico,136.0493130683899,0.001270729075974555
50000,heap,0.7591092586517334,7.141947041197564e-06
50000,networkx,0.5255997180938721,4.950601583333583e-06
50000,classico,133.90167117118835,0.0012507665294791274
50000,heap,1.1870944499969482,1.1159951387453091e-05
50000,networkx,0.5494959354400635,5.163074080944572e-06
50000,classico,132.25123929977417,0.0012350214345224488
50000,heap,1.237337350845337,1.1618419606204022e-05
50000,networkx,0.5024130344390869,4.724648895798949e-06
50000,classico,135.78150367736816,0.001269291394502038
50000,heap,0.7286601066589355,6.8499818144733745e-06
50000,networkx,0.5547120571136475,5.228442458180252e-06
50000,classico,137.43833255767822,0.001284438507776537
50000,heap,1.3444104194641113,1.2609377167396877e-05
50000,networkx,0.528562068939209,4.975125526450181e-06
50000,classico,136.54882335662842,0.0012755053429292405
50000,heap,0.7869594097137451,7.383903510878677e-06
50000,networkx,0.5305607318878174,4.987880955609518e-06
50000,classico,137.51495695114136,0.0012844355387544866
50000,heap,1.284623146057129,1.2055709683097428e-05
50000,networkx,0.5903651714324951,5.556023113051005e-06
50000,classico,138.67778038978577,0.0012959977216205078
50000,heap,0.8196620941162109,7.692114525830085e-06
50000,networkx,0.5494651794433594,5.165846194073153e-06
50000,classico,134.15745306015015,0.0012540007421806352
50000,heap,0.8020265102386475,7.5271331573371956e-06
50000,networkx,0.8452749252319336,7.956207226752008e-06
50000,classico,136.19896030426025,0.0012729656452736505
50000,heap,0.7604527473449707,7.139145006204931e-06
50000,networkx,0.5193965435028076,4.884600634160036e-06
50000,classico,136.22243881225586,0.0012717502699755286
50000,heap,0.7881743907928467,7.399783622316504e-06
50000,networkx,0.590829610824585,5.55112632042418e-06
50000,classico,134.57633709907532,0.001256616586833185
50000,heap,0.7972488403320312,7.4820772461923465e-06
50000,networkx,0.8428304195404053,7.917843669832865e-06
50000,classico,133.06868195533752,0.0012440892364726545
50000,heap,1.3144328594207764,1.235852374278628e-05
50000,networkx,0.5650649070739746,5.3130545536325996e-06
50000,classico,136.7210874557495,0.0012765424657312859
50000,heap,0.7982633113861084,7.4907395694339816e-06
50000,networkx,0.5643033981323242,5.311830605404373e-06
50000,classico,134.12108254432678,0.0012541855241622322
50000,heap,0.7610514163970947,7.141818495548398e-06
50000,networkx,0.5194652080535889,4.892364258981242e-06
50000,classico,135.95124530792236,0.001269126397821334
50000,heap,1.2469813823699951,1.170915350509112e-05
50000,networkx,0.5291640758514404,4.976193323284866e-06
50000,classico,135.99078392982483,0.001270561467827813
50000,heap,0.7722203731536865,7.2457825699598145e-06
50000,networkx,0.5446624755859375,5.119881877455653e-06
50000,classico,135.05435061454773,0.0012625584167886596
50000,heap,0.7771627902984619,7.294978656377358e-06
50000,networkx,0.8333325386047363,7.831753535763062e-06
